{
  "epochs": [
    1,
    2,
    3
  ],
  "train_loss": [
    2.308669804001668,
    2.301913013844602,
    2.302017953095914
  ],
  "train_accuracy": [
    11.163333333333334,
    11.075,
    11.115
  ],
  "test_loss": [
    2.30160896687568,
    2.3014797258980666,
    2.301350056370602
  ],
  "test_accuracy": [
    11.35,
    11.35,
    11.35
  ],
  "training_time": 41.29219913482666,
  "device": "cuda",
  "total_params": 421642,
  "confusion_matrix": [
    [
      0,
      980,
      0,
      0,
      0,
      0,
      0,
      0,
      0,
      0
    ],
    [
      0,
      1135,
      0,
      0,
      0,
      0,
      0,
      0,
      0,
      0
    ],
    [
      0,
      1032,
      0,
      0,
      0,
      0,
      0,
      0,
      0,
      0
    ],
    [
      0,
      1010,
      0,
      0,
      0,
      0,
      0,
      0,
      0,
      0
    ],
    [
      0,
      982,
      0,
      0,
      0,
      0,
      0,
      0,
      0,
      0
    ],
    [
      0,
      892,
      0,
      0,
      0,
      0,
      0,
      0,
      0,
      0
    ],
    [
      0,
      958,
      0,
      0,
      0,
      0,
      0,
      0,
      0,
      0
    ],
    [
      0,
      1028,
      0,
      0,
      0,
      0,
      0,
      0,
      0,
      0
    ],
    [
      0,
      974,
      0,
      0,
      0,
      0,
      0,
      0,
      0,
      0
    ],
    [
      0,
      1009,
      0,
      0,
      0,
      0,
      0,
      0,
      0,
      0
    ]
  ],
  "class_accuracy": {
    "0": 0.0,
    "1": 100.0,
    "2": 0.0,
    "3": 0.0,
    "4": 0.0,
    "5": 0.0,
    "6": 0.0,
    "7": 0.0,
    "8": 0.0,
    "9": 0.0
  }
}