{
  "worker_id": 0,
  "total_workers": 4,
  "shard_size": 15000,
  "epochs": [
    1,
    2,
    3,
    4,
    5
  ],
  "train_loss": [
    0.49928109208911153,
    0.1947452477100542,
    0.15867852987879413,
    0.134891303003592,
    0.1265815018628866
  ],
  "train_accuracy": [
    84.62,
    94.24,
    95.23333333333333,
    95.67333333333333,
    96.11333333333333
  ],
  "test_loss": [
    0.16042050535354432,
    0.14288409396157234,
    0.1049941270715333,
    0.09304733015154783,
    0.09816317229024783
  ],
  "test_accuracy": [
    94.64,
    95.34,
    96.55,
    97.01,
    96.84
  ],
  "training_time": 29.578283309936523,
  "device": "cuda"
}