{
  "worker_id": 0,
  "total_workers": 4,
  "shard_size": 15000,
  "epochs": [
    1,
    2,
    3,
    4,
    5
  ],
  "train_loss": [
    2.3275861659292447,
    2.3016101505796787,
    2.301363154993219,
    2.3016660092240673,
    2.3012454509735107
  ],
  "train_accuracy": [
    10.706666666666667,
    11.2,
    11.013333333333334,
    11.153333333333334,
    11.266666666666667
  ],
  "test_loss": [
    2.3013855837568453,
    2.3015538318247737,
    2.301675648628911,
    2.3016380720500704,
    2.301373862013032
  ],
  "test_accuracy": [
    11.35,
    11.35,
    11.35,
    11.35,
    11.35
  ],
  "training_time": 26.444769859313965,
  "device": "cuda"
}