{
  "worker_id": 0,
  "total_workers": 4,
  "shard_size": 15000,
  "epochs": [
    1,
    2,
    3,
    4,
    5
  ],
  "train_loss": [
    2.3589752488217113,
    2.301551313723548,
    2.3012732792708834,
    2.3017728328704834,
    2.3013954546491977
  ],
  "train_accuracy": [
    10.106666666666667,
    11.166666666666666,
    10.673333333333334,
    11.266666666666667,
    11.266666666666667
  ],
  "test_loss": [
    2.3018887374974506,
    2.302003788042672,
    2.3011755581143536,
    2.3013010417358783,
    2.3018311518657057
  ],
  "test_accuracy": [
    10.09,
    11.35,
    11.35,
    11.35,
    11.35
  ],
  "training_time": 25.946877002716064,
  "device": "cuda"
}